time,location,lat,lon,pm25,pm10,no2,so2,co,o3,temp,humidity,wind,wind_dir
2026-09-25 00:00:00,Indirapuram,28.646,77.369,27.533,56.568,34.329,14.872,0.619,29.325,13.213,75.378,2.184,261.325
2026-09-25 01:00:00,Indirapuram,28.646,77.369,25.306,50.8,34.179,13.039,0.338,26.961,12.423,91.114,3.973,271.361
2026-09-25 02:00:00,Indirapuram,28.646,77.369,21.185,38.291,21.87,12.868,0.78,7.204,14.031,82.712,2.692,257.398
2026-09-25 03:00:00,Indirapuram,28.646,77.369,21.662,39.441,25.674,10.266,0.488,7.553,12.073,82.399,3.574,318.202
2026-09-25 04:00:00,Indirapuram,28.646,77.369,24.333,49.723,24.91,8.479,0.913,29.809,11.27,87.213,2.534,221.294
2026-09-25 05:00:00,Indirapuram,28.646,77.369,24.627,39.826,37.8,9.933,0.82,17.789,12.757,71.301,4.851,259.537
2026-09-25 06:00:00,Indirapuram,28.646,77.369,32.622,52.567,43.08,6.231,0.662,17.04,12.746,74.399,3.994,225.482
2026-09-25 07:00:00,Indirapuram,28.646,77.369,36.908,62.85,21.213,10.074,0.79,19.139,14.986,80.886,6.962,316.761
2026-09-25 08:00:00,Indirapuram,28.646,77.369,35.424,71.336,43.245,7.379,1.076,32.398,19.29,59.752,8.624,227.891
2026-09-25 09:00:00,Indirapuram,28.646,77.369,40.033,67.12,35.529,7.688,0.89,52.063,19.858,71.705,5.989,301.269
2026-09-25 10:00:00,Indirapuram,28.646,77.369,34.392,59.932,39.674,12.069,0.742,51.954,23.961,68.89,5.033,5.581
2026-09-25 11:00:00,Indirapuram,28.646,77.369,18.391,35.211,32.637,12.522,1.044,53.954,23.905,52.783,14.859,6.937
2026-09-25 12:00:00,Indirapuram,28.646,77.369,18.597,31.469,38.292,10.834,0.629,70.386,25.621,52.609,12.884,227.764
2026-09-25 13:00:00,Indirapuram,28.646,77.369,18.411,32.249,30.861,9.424,0.698,72.817,27.569,54.394,8.91,311.936
2026-09-25 14:00:00,Indirapuram,28.646,77.369,11.707,21.463,19.746,7.743,0.43,66.821,25.055,42.881,12.011,260.441
2026-09-25 15:00:00,Indirapuram,28.646,77.369,13.752,23.572,27.804,9.736,0.331,87.209,28.205,50.207,15.93,252.275
2026-09-25 16:00:00,Indirapuram,28.646,77.369,14.754,30.927,31.782,8.271,0.545,62.169,27.678,41.655,13.096,295.461
2026-09-25 17:00:00,Indirapuram,28.646,77.369,25.078,42.174,29.974,11.065,0.656,70.435,28.414,44.814,11.916,349.132
2026-09-25 18:00:00,Indirapuram,28.646,77.369,26.14,52.933,35.481,6.742,0.706,54.534,26.622,46.062,15.745,323.986
2026-09-25 19:00:00,Indirapuram,28.646,77.369,38.89,71.365,34.328,14.048,0.52,59.723,22.866,57.056,8.382,271.394
2026-09-25 20:00:00,Indirapuram,28.646,77.369,45.063,75.01,32.693,10.552,0.869,44.483,23.313,66.771,7.558,328.201
2026-09-25 21:00:00,Indirapuram,28.646,77.369,36.031,59.785,27.492,12.93,0.592,43.691,19.738,63.895,8.528,210.252
2026-09-25 22:00:00,Indirapuram,28.646,77.369,32.084,59.36,30.67,14.266,0.784,52.651,17.025,62.549,7.423,269.882
2026-09-25 23:00:00,Indirapuram,28.646,77.369,32.558,57.847,34.367,12.612,0.836,35.115,16.197,68.504,6.241,267.044
2026-09-26 00:00:00,Indirapuram,28.646,77.369,32.299,55.467,21.318,14.012,0.634,26.137,14.14,81.51,6.035,303.133
2026-09-26 01:00:00,Indirapuram,28.646,77.369,38.884,80.859,30.041,5.744,0.589,12.152,14.61,93.385,3.3,291.887
2026-09-26 02:00:00,Indirapuram,28.646,77.369,32.246,59.064,21.081,10.134,0.925,17.358,12.613,86.681,3.428,294.341
2026-09-26 03:00:00,Indirapuram,28.646,77.369,35.816,73.94,30.252,15.1,0.846,6.936,12.206,82.679,1.352,293.011
2026-09-26 04:00:00,Indirapuram,28.646,77.369,35.849,60.297,41.146,13.32,0.738,22.948,13.173,88.916,2.361,300.896
2026-09-26 05:00:00,Indirapuram,28.646,77.369,37.254,63.023,27.197,17.408,0.944,25.244,14.165,80.884,3.073,321.605
2026-09-26 06:00:00,Indirapuram,28.646,77.369,42.672,80.992,39.887,17.247,0.769,20.885,15.127,76.872,4.295,305.973
2026-09-26 07:00:00,Indirapuram,28.646,77.369,45.281,78.56,53.413,13.163,0.679,40.808,17.419,69.249,6.931,288.626
2026-09-26 08:00:00,Indirapuram,28.646,77.369,53.458,90.475,47.086,11.917,0.67,45.713,18.538,78.627,7.835,316.07
2026-09-26 09:00:00,Indirapuram,28.646,77.369,45.72,75.317,37.231,9.411,0.758,41.197,20.168,49.765,8.111,333.045
2026-09-26 10:00:00,Indirapuram,28.646,77.369,52.283,85.646,43.221,11.187,0.929,50.995,23.31,64.611,7.53,277.759
2026-09-26 11:00:00,Indirapuram,28.646,77.369,43.682,86.342,27.702,10.959,0.971,47.792,23.909,52.218,11.169,297.624
2026-09-26 12:00:00,Indirapuram,28.646,77.369,37.183,64.739,24.855,10.079,0.727,55.5,25.69,48.396,12.173,346.476
2026-09-26 13:00:00,Indirapuram,28.646,77.369,36.569,76.401,34.315,9.073,0.901,53.027,28.65,57.833,13.679,255.89
2026-09-26 14:00:00,Indirapuram,28.646,77.369,28.603,48.384,34.542,12.635,0.639,60.321,29.349,41.397,19.312,12.188
2026-09-26 15:00:00,Indirapuram,28.646,77.369,33.2,59.004,39.866,16.75,0.582,64.165,27.992,40.92,12.691,246.434
2026-09-26 16:00:00,Indirapuram,28.646,77.369,32.102,57.38,29.613,14.405,0.497,50.865,27.274,44.899,14.851,286.185
2026-09-26 17:00:00,Indirapuram,28.646,77.369,37.719,69.783,35.59,10.919,0.65,66.265,28.391,50.163,15.867,261.992
2026-09-26 18:00:00,Indirapuram,28.646,77.369,43.228,87.982,36.762,15.203,0.569,65.855,26.457,48.207,12.488,27.517
2026-09-26 19:00:00,Indirapuram,28.646,77.369,36.541,73.717,33.347,12.867,1.021,52.437,24.316,45.557,16.845,279.866
2026-09-26 20:00:00,Indirapuram,28.646,77.369,47.483,76.209,36.436,12.252,0.851,24.893,21.749,54.629,8.608,279.966
2026-09-26 21:00:00,Indirapuram,28.646,77.369,53.878,97.229,33.341,12.385,0.809,37.976,20.332,72.688,8.81,285.17
2026-09-26 22:00:00,Indirapuram,28.646,77.369,45.7,92.039,38.103,11.685,1.033,22.382,17.908,70.625,4.45,303.824
2026-09-26 23:00:00,Indirapuram,28.646,77.369,47.272,75.64,37.988,14.317,0.588,22.623,15.336,77.707,4.121,286.862
2026-09-27 00:00:00,Indirapuram,28.646,77.369,32.76,61.158,30.55,12.057,0.676,33.938,14.472,77.574,4.38,294.685
2026-09-27 01:00:00,Indirapuram,28.646,77.369,31.59,54.643,36.892,9.394,0.989,2.0,13.337,78.364,4.92,158.832
2026-09-27 02:00:00,Indirapuram,28.646,77.369,44.868,81.048,42.384,9.913,0.748,9.321,11.897,94.384,3.002,302.286
2026-09-27 03:00:00,Indirapuram,28.646,77.369,39.089,70.756,38.836,12.872,1.102,21.637,12.904,83.871,5.148,300.712
2026-09-27 04:00:00,Indirapuram,28.646,77.369,41.98,75.39,29.24,13.385,0.87,10.236,13.561,81.658,1.967,341.543
2026-09-27 05:00:00,Indirapuram,28.646,77.369,49.143,100.545,37.884,11.518,0.991,12.122,14.042,88.897,1.973,352.362
2026-09-27 06:00:00,Indirapuram,28.646,77.369,34.959,65.312,28.271,8.352,0.91,38.582,14.067,74.808,10.517,292.492
2026-09-27 07:00:00,Indirapuram,28.646,77.369,42.863,87.949,36.295,15.896,0.757,30.527,16.756,71.432,5.986,332.649
2026-09-27 08:00:00,Indirapuram,28.646,77.369,48.893,95.996,31.778,15.56,0.72,41.004,18.007,70.238,4.648,255.937
2026-09-27 09:00:00,Indirapuram,28.646,77.369,53.644,95.248,46.074,6.72,0.805,43.957,18.764,65.002,6.264,330.694
2026-09-27 10:00:00,Indirapuram,28.646,77.369,45.272,83.608,41.018,16.282,0.624,47.764,22.743,61.381,7.196,277.101
2026-09-27 11:00:00,Indirapuram,28.646,77.369,36.585,65.668,41.064,11.202,0.71,62.612,24.146,67.55,13.341,252.612
2026-09-27 12:00:00,Indirapuram,28.646,77.369,28.115,56.631,38.339,11.976,0.668,72.92,28.25,52.875,11.332,292.576
2026-09-27 13:00:00,Indirapuram,28.646,77.369,18.668,31.619,28.043,14.348,0.865,48.182,28.385,33.411,13.515,356.019
2026-09-27 14:00:00,Indirapuram,28.646,77.369,24.15,49.947,28.484,16.165,0.734,63.866,28.439,47.639,13.637,307.24
2026-09-27 15:00:00,Indirapuram,28.646,77.369,23.958,45.285,41.44,14.206,0.998,64.654,28.249,45.227,15.829,359.86
2026-09-27 16:00:00,Indirapuram,28.646,77.369,28.558,54.428,31.149,12.151,0.347,60.714,27.891,45.942,11.679,270.051
2026-09-27 17:00:00,Indirapuram,28.646,77.369,33.59,62.424,25.27,7.553,0.519,69.499,25.925,49.155,10.507,341.914
2026-09-27 18:00:00,Indirapuram,28.646,77.369,35.178,66.037,39.839,5.68,0.658,59.733,23.918,50.686,12.803,273.914
2026-09-27 19:00:00,Indirapuram,28.646,77.369,37.539,72.594,35.247,14.511,0.949,67.904,23.127,54.684,12.502,309.013
2026-09-27 20:00:00,Indirapuram,28.646,77.369,37.284,71.866,43.357,15.89,0.707,55.273,22.023,63.502,10.384,308.667
2026-09-27 21:00:00,Indirapuram,28.646,77.369,35.467,60.545,35.325,9.329,0.493,50.918,17.894,61.748,5.976,326.46
2026-09-27 22:00:00,Indirapuram,28.646,77.369,29.062,54.962,32.145,10.644,0.638,23.936,17.385,64.49,8.141,310.03
2026-09-27 23:00:00,Indirapuram,28.646,77.369,31.73,56.394,42.089,9.915,0.511,21.051,15.752,93.143,3.14,270.433
2026-09-25 00:00:00,Vasundhara,28.66,77.37,107.64,185.952,50.915,14.459,1.031,30.535,14.452,85.613,9.121,279.682
2026-09-25 01:00:00,Vasundhara,28.66,77.37,126.271,260.28,55.499,15.27,1.129,16.269,12.495,83.131,1.233,252.051
2026-09-25 02:00:00,Vasundhara,28.66,77.37,116.024,229.143,52.819,15.933,1.256,19.2,14.806,68.159,0.5,268.432
2026-09-25 03:00:00,Vasundhara,28.66,77.37,122.715,201.048,56.136,15.392,1.005,2.0,11.518,81.065,1.973,287.969
2026-09-25 04:00:00,Vasundhara,28.66,77.37,134.435,276.863,50.153,17.218,1.109,2.0,12.229,84.933,1.27,288.219
2026-09-25 05:00:00,Vasundhara,28.66,77.37,139.88,278.596,53.804,16.848,1.462,16.467,12.472,81.025,0.5,275.724
2026-09-25 06:00:00,Vasundhara,28.66,77.37,135.846,258.354,63.952,19.251,1.39,25.705,14.575,79.339,2.126,299.454
2026-09-25 07:00:00,Vasundhara,28.66,77.37,128.161,213.193,43.538,21.162,1.456,35.102,17.382,76.456,5.859,37.866
2026-09-25 08:00:00,Vasundhara,28.66,77.37,125.177,220.32,63.476,16.213,1.321,32.111,18.044,66.974,6.302,230.991
2026-09-25 09:00:00,Vasundhara,28.66,77.37,129.345,226.398,53.983,14.602,1.278,41.973,19.781,64.955,6.059,345.487
2026-09-25 10:00:00,Vasundhara,28.66,77.37,109.627,210.486,62.423,11.171,1.351,52.76,20.997,58.927,9.659,299.265
2026-09-25 11:00:00,Vasundhara,28.66,77.37,91.995,174.233,55.356,16.539,0.989,51.478,25.209,50.781,11.308,282.485
2026-09-25 12:00:00,Vasundhara,28.66,77.37,91.478,159.045,45.905,11.866,0.999,62.376,25.513,61.936,14.03,219.272
2026-09-25 13:00:00,Vasundhara,28.66,77.37,78.645,138.066,43.319,20.975,0.962,52.62,26.742,44.821,11.592,330.511
2026-09-25 14:00:00,Vasundhara,28.66,77.37,58.591,108.934,49.207,21.267,0.919,50.897,25.388,32.156,15.98,242.361
2026-09-25 15:00:00,Vasundhara,28.66,77.37,81.003,163.845,52.89,13.411,0.976,60.729,27.873,55.7,11.273,333.116
2026-09-25 16:00:00,Vasundhara,28.66,77.37,73.096,121.567,49.111,8.66,0.716,70.346,27.326,40.604,12.537,9.653
2026-09-25 17:00:00,Vasundhara,28.66,77.37,80.178,157.38,51.91,15.97,0.941,55.962,25.102,53.079,17.444,248.688
2026-09-25 18:00:00,Vasundhara,28.66,77.37,93.245,195.614,41.786,20.959,1.055,62.884,26.646,46.773,9.683,346.734
2026-09-25 19:00:00,Vasundhara,28.66,77.37,105.164,207.685,52.523,11.321,1.148,44.284,23.465,58.416,9.353,301.018
2026-09-25 20:00:00,Vasundhara,28.66,77.37,111.288,202.631,48.2,21.259,1.1,41.81,23.966,59.535,6.42,216.232
2026-09-25 21:00:00,Vasundhara,28.66,77.37,115.109,226.285,47.098,10.208,1.266,41.936,21.414,71.002,5.932,251.807
2026-09-25 22:00:00,Vasundhara,28.66,77.37,103.31,209.756,51.811,10.803,0.878,28.19,17.21,68.894,6.793,307.129
2026-09-25 23:00:00,Vasundhara,28.66,77.37,101.938,202.27,48.001,16.024,1.174,23.516,17.369,71.068,6.766,316.047
2026-09-26 00:00:00,Vasundhara,28.66,77.37,106.668,171.349,50.669,18.384,1.409,2.0,15.954,80.684,3.711,236.772
2026-09-26 01:00:00,Vasundhara,28.66,77.37,107.05,178.319,48.762,15.153,1.051,25.063,12.513,80.026,1.992,301.268
2026-09-26 02:00:00,Vasundhara,28.66,77.37,104.267,172.412,43.54,16.562,1.134,14.903,11.24,72.743,0.5,332.942
2026-09-26 03:00:00,Vasundhara,28.66,77.37,112.825,182.316,63.387,18.955,1.14,7.437,9.845,81.391,0.5,339.943
2026-09-26 04:00:00,Vasundhara,28.66,77.37,119.872,234.621,55.903,19.654,1.185,30.513,12.653,98.0,0.5,283.487
2026-09-26 05:00:00,Vasundhara,28.66,77.37,94.587,163.984,39.994,12.862,0.913,12.036,12.098,71.392,4.645,317.539
2026-09-26 06:00:00,Vasundhara,28.66,77.37,98.084,192.341,50.613,12.314,1.387,18.198,14.754,80.588,5.773,342.897
2026-09-26 07:00:00,Vasundhara,28.66,77.37,98.374,190.162,58.722,18.079,1.148,19.806,15.432,73.543,4.899,334.098
2026-09-26 08:00:00,Vasundhara,28.66,77.37,107.024,199.258,57.508,16.714,1.042,42.36,17.15,81.195,7.551,335.657
2026-09-26 09:00:00,Vasundhara,28.66,77.37,87.28,142.254,43.708,16.13,0.906,51.47,19.439,58.334,10.191,304.54
2026-09-26 10:00:00,Vasundhara,28.66,77.37,93.057,163.096,45.296,12.669,1.068,57.142,20.771,60.431,9.806,296.219
2026-09-26 11:00:00,Vasundhara,28.66,77.37,78.988,127.452,39.005,15.864,0.649,63.095,23.438,59.117,14.484,310.885
2026-09-26 12:00:00,Vasundhara,28.66,77.37,80.341,165.102,40.632,10.734,1.14,52.899,24.92,49.782,9.683,269.449
2026-09-26 13:00:00,Vasundhara,28.66,77.37,70.977,124.517,38.779,14.291,0.849,75.03,26.914,43.074,12.324,344.484
2026-09-26 14:00:00,Vasundhara,28.66,77.37,71.332,117.517,34.023,13.902,0.986,62.583,27.832,45.548,12.626,238.784
2026-09-26 15:00:00,Vasundhara,28.66,77.37,62.981,100.849,38.081,13.505,0.943,52.659,26.929,43.143,15.618,279.828
2026-09-26 16:00:00,Vasundhara,28.66,77.37,74.576,142.124,45.708,16.072,1.092,60.736,28.828,43.808,10.21,298.55
2026-09-26 17:00:00,Vasundhara,28.66,77.37,71.946,137.451,40.502,10.537,1.006,64.258,26.769,53.264,16.816,318.787
2026-09-26 18:00:00,Vasundhara,28.66,77.37,80.139,168.088,46.339,16.038,1.092,52.519,27.159,53.276,13.647,326.301
2026-09-26 19:00:00,Vasundhara,28.66,77.37,82.102,143.211,55.257,14.167,1.145,53.675,24.241,58.311,15.376,359.559
2026-09-26 20:00:00,Vasundhara,28.66,77.37,90.471,146.858,58.632,12.149,0.993,50.763,22.14,61.805,9.451,303.11
2026-09-26 21:00:00,Vasundhara,28.66,77.37,94.801,188.624,48.293,10.775,1.392,43.285,19.509,70.759,6.624,271.281
2026-09-26 22:00:00,Vasundhara,28.66,77.37,87.882,153.995,52.252,20.06,1.08,38.771,18.544,78.002,8.09,294.199
2026-09-26 23:00:00,Vasundhara,28.66,77.37,81.195,143.337,44.299,13.851,0.983,26.06,16.034,73.28,7.576,287.224
2026-09-27 00:00:00,Vasundhara,28.66,77.37,90.21,185.279,44.625,13.446,0.915,16.504,15.202,84.059,1.971,320.797
2026-09-27 01:00:00,Vasundhara,28.66,77.37,84.797,160.07,39.498,10.809,0.978,6.588,14.676,74.543,0.5,257.32
2026-09-27 02:00:00,Vasundhara,28.66,77.37,83.902,151.039,46.495,17.461,1.064,15.148,11.546,70.8,0.5,292.983
2026-09-27 03:00:00,Vasundhara,28.66,77.37,94.627,196.377,55.163,17.765,1.082,10.702,12.613,95.958,2.653,4.906
2026-09-27 04:00:00,Vasundhara,28.66,77.37,82.382,142.739,37.949,16.575,1.268,14.905,12.858,82.318,6.055,307.194
2026-09-27 05:00:00,Vasundhara,28.66,77.37,90.398,145.607,45.877,14.337,0.984,2.0,13.53,83.835,0.5,257.883
2026-09-27 06:00:00,Vasundhara,28.66,77.37,80.429,137.97,43.095,16.275,1.084,10.175,13.91,71.791,3.076,286.409
2026-09-27 07:00:00,Vasundhara,28.66,77.37,88.979,144.329,48.726,11.977,0.865,31.58,15.587,67.372,4.129,210.681
2026-09-27 08:00:00,Vasundhara,28.66,77.37,78.055,140.801,46.09,14.556,1.296,20.446,17.346,65.899,11.248,297.646
2026-09-27 09:00:00,Vasundhara,28.66,77.37,71.479,144.068,46.093,13.411,0.75,38.48,19.396,68.857,13.647,5.907
2026-09-27 10:00:00,Vasundhara,28.66,77.37,69.62,145.339,53.787,14.282,1.229,39.824,21.23,56.724,10.614,252.536
2026-09-27 11:00:00,Vasundhara,28.66,77.37,58.752,114.575,34.465,7.498,0.832,45.345,23.896,52.985,13.245,241.758
2026-09-27 12:00:00,Vasundhara,28.66,77.37,51.78,106.825,32.392,18.198,0.475,58.36,24.899,46.391,14.418,273.87
2026-09-27 13:00:00,Vasundhara,28.66,77.37,59.421,107.211,41.339,17.827,1.059,61.879,27.364,54.674,9.995,336.853
2026-09-27 14:00:00,Vasundhara,28.66,77.37,51.903,90.901,46.692,9.145,0.824,68.518,27.784,50.893,15.542,8.186
2026-09-27 15:00:00,Vasundhara,28.66,77.37,54.118,90.763,29.755,14.438,0.757,56.184,28.169,42.095,11.451,317.928
2026-09-27 16:00:00,Vasundhara,28.66,77.37,58.19,107.676,41.536,8.449,0.945,57.072,27.454,49.786,13.367,248.564
2026-09-27 17:00:00,Vasundhara,28.66,77.37,59.316,104.602,38.621,13.217,0.956,70.636,26.997,46.208,16.045,299.111
2026-09-27 18:00:00,Vasundhara,28.66,77.37,64.394,106.493,46.224,6.633,0.949,55.881,25.41,48.833,12.445,11.577
2026-09-27 19:00:00,Vasundhara,28.66,77.37,64.194,132.622,44.818,12.333,1.055,55.427,24.78,54.702,13.756,287.564
2026-09-27 20:00:00,Vasundhara,28.66,77.37,67.017,111.372,42.045,11.888,0.94,42.494,21.628,63.683,12.801,305.619
2026-09-27 21:00:00,Vasundhara,28.66,77.37,68.822,135.57,45.131,16.911,1.01,43.642,20.376,59.647,3.608,309.622
2026-09-27 22:00:00,Vasundhara,28.66,77.37,72.909,119.136,39.278,18.651,0.859,13.62,16.623,73.191,1.003,238.165
2026-09-27 23:00:00,Vasundhara,28.66,77.37,65.629,122.303,46.208,18.354,1.009,36.711,16.712,89.987,7.905,339.918
2026-09-25 00:00:00,Raj Nagar,28.675,77.44,61.049,115.044,42.721,14.69,0.975,13.523,15.597,85.343,5.235,296.819
2026-09-25 01:00:00,Raj Nagar,28.675,77.44,64.244,106.906,41.926,11.072,0.678,25.123,14.115,89.349,1.534,305.289
2026-09-25 02:00:00,Raj Nagar,28.675,77.44,68.089,138.949,36.765,15.843,1.041,17.101,13.31,87.641,0.934,268.912
2026-09-25 03:00:00,Raj Nagar,28.675,77.44,63.5,112.09,39.733,13.472,0.691,13.969,14.066,85.861,2.937,332.002
2026-09-25 04:00:00,Raj Nagar,28.675,77.44,55.723,94.431,36.545,8.432,0.777,17.56,13.325,80.293,5.781,293.412
2026-09-25 05:00:00,Raj Nagar,28.675,77.44,60.711,107.87,40.145,9.523,0.859,25.798,11.745,80.855,3.504,319.503
2026-09-25 06:00:00,Raj Nagar,28.675,77.44,67.24,140.183,42.855,8.893,0.858,34.79,14.933,78.075,1.818,302.539
2026-09-25 07:00:00,Raj Nagar,28.675,77.44,74.083,141.869,41.416,16.442,1.038,27.071,14.111,82.194,4.12,1.691
2026-09-25 08:00:00,Raj Nagar,28.675,77.44,68.006,112.925,42.144,9.624,0.892,31.686,17.838,71.234,8.57,321.716
2026-09-25 09:00:00,Raj Nagar,28.675,77.44,70.045,117.743,41.924,12.394,0.897,44.862,19.578,66.115,9.011,316.304
2026-09-25 10:00:00,Raj Nagar,28.675,77.44,57.567,114.06,35.342,12.638,0.489,35.75,22.708,53.859,11.952,314.851
2026-09-25 11:00:00,Raj Nagar,28.675,77.44,56.476,114.233,39.596,13.49,0.899,59.399,23.177,62.227,11.984,23.359
2026-09-25 12:00:00,Raj Nagar,28.675,77.44,45.317,74.376,28.667,10.883,1.054,46.84,24.864,46.254,14.17,298.235
2026-09-25 13:00:00,Raj Nagar,28.675,77.44,37.048,64.719,35.35,7.126,0.648,50.656,27.429,45.971,18.229,306.556
2026-09-25 14:00:00,Raj Nagar,28.675,77.44,45.807,74.373,29.787,8.67,0.874,76.575,28.902,53.538,10.415,304.192
2026-09-25 15:00:00,Raj Nagar,28.675,77.44,32.774,54.475,33.04,8.483,0.573,48.338,28.003,50.32,20.018,221.36
2026-09-25 16:00:00,Raj Nagar,28.675,77.44,39.657,66.184,37.707,4.038,0.886,74.606,30.05,40.583,16.137,303.721
2026-09-25 17:00:00,Raj Nagar,28.675,77.44,43.236,78.628,30.254,13.457,0.837,74.128,26.585,41.207,19.759,340.651
2026-09-25 18:00:00,Raj Nagar,28.675,77.44,62.243,99.983,46.758,14.628,0.818,60.394,26.337,49.635,9.785,320.591
2026-09-25 19:00:00,Raj Nagar,28.675,77.44,63.068,123.401,51.497,9.938,0.814,57.346,24.341,51.542,11.956,0.443
2026-09-25 20:00:00,Raj Nagar,28.675,77.44,64.815,116.774,37.303,17.154,0.986,33.878,21.728,51.019,9.951,331.422
2026-09-25 21:00:00,Raj Nagar,28.675,77.44,64.587,116.298,40.278,12.91,0.894,36.061,21.311,60.48,10.209,320.082
2026-09-25 22:00:00,Raj Nagar,28.675,77.44,61.892,128.796,47.745,15.637,0.687,36.397,17.039,53.688,7.621,335.554
2026-09-25 23:00:00,Raj Nagar,28.675,77.44,67.373,118.95,31.055,15.696,0.675,30.135,13.924,80.424,5.894,314.59
2026-09-26 00:00:00,Raj Nagar,28.675,77.44,62.696,101.607,40.874,12.732,0.964,25.877,14.217,84.188,5.705,288.775
2026-09-26 01:00:00,Raj Nagar,28.675,77.44,59.573,107.377,38.081,6.891,0.743,20.98,12.815,90.779,2.537,294.859
2026-09-26 02:00:00,Raj Nagar,28.675,77.44,54.917,100.692,44.132,13.343,0.835,16.02,13.335,86.438,0.915,204.678
2026-09-26 03:00:00,Raj Nagar,28.675,77.44,44.894,82.393,34.753,13.824,0.858,5.226,10.75,82.31,3.133,3.803
2026-09-26 04:00:00,Raj Nagar,28.675,77.44,42.496,77.847,38.336,10.167,0.575,18.668,12.796,90.459,0.91,292.069
2026-09-26 05:00:00,Raj Nagar,28.675,77.44,38.619,68.244,29.716,12.413,0.58,9.255,13.474,78.112,2.49,258.262
2026-09-26 06:00:00,Raj Nagar,28.675,77.44,43.882,82.195,41.68,12.108,1.007,19.404,14.666,71.183,0.5,285.347
2026-09-26 07:00:00,Raj Nagar,28.675,77.44,44.275,90.114,29.339,9.354,0.704,38.637,17.044,74.117,5.14,10.286
2026-09-26 08:00:00,Raj Nagar,28.675,77.44,48.34,86.003,42.31,12.117,0.943,21.015,17.906,72.643,4.125,302.874
2026-09-26 09:00:00,Raj Nagar,28.675,77.44,40.923,76.423,35.688,10.518,1.122,39.006,20.052,60.128,7.918,310.278
2026-09-26 10:00:00,Raj Nagar,28.675,77.44,39.05,79.028,20.636,13.078,0.77,53.416,22.521,53.539,6.838,23.448
2026-09-26 11:00:00,Raj Nagar,28.675,77.44,30.778,55.379,33.073,9.769,0.555,57.61,23.898,52.499,10.952,333.417
2026-09-26 12:00:00,Raj Nagar,28.675,77.44,23.269,38.817,34.459,9.028,0.659,60.123,24.304,53.329,14.492,288.473
2026-09-26 13:00:00,Raj Nagar,28.675,77.44,24.418,44.349,23.728,6.308,0.618,56.232,26.518,46.807,11.707,232.007
2026-09-26 14:00:00,Raj Nagar,28.675,77.44,25.479,47.195,26.288,17.893,0.663,74.635,27.468,61.5,11.462,325.561
2026-09-26 15:00:00,Raj Nagar,28.675,77.44,18.779,38.203,30.228,9.581,0.72,55.208,27.438,44.184,15.954,272.871
2026-09-26 16:00:00,Raj Nagar,28.675,77.44,25.084,50.834,28.202,7.863,0.775,69.692,27.411,50.185,16.079,326.397
2026-09-26 17:00:00,Raj Nagar,28.675,77.44,24.235,48.088,33.036,13.022,0.345,62.875,27.108,38.987,14.256,298.072
2026-09-26 18:00:00,Raj Nagar,28.675,77.44,38.294,68.597,33.318,12.475,0.908,51.384,25.383,54.379,11.079,316.351
2026-09-26 19:00:00,Raj Nagar,28.675,77.44,38.459,66.86,26.697,13.568,0.772,49.387,24.854,52.226,9.426,335.834
2026-09-26 20:00:00,Raj Nagar,28.675,77.44,40.659,74.029,49.135,13.995,0.658,60.96,22.94,59.768,8.724,230.83
2026-09-26 21:00:00,Raj Nagar,28.675,77.44,38.633,67.986,32.619,15.223,0.842,30.703,17.621,75.121,7.852,305.149
2026-09-26 22:00:00,Raj Nagar,28.675,77.44,35.843,74.911,34.706,8.598,0.557,19.45,16.496,67.943,2.134,299.272
2026-09-26 23:00:00,Raj Nagar,28.675,77.44,29.741,48.841,43.07,11.927,0.528,22.396,13.595,67.152,2.542,311.517
2026-09-27 00:00:00,Raj Nagar,28.675,77.44,21.771,40.34,35.62,6.351,0.789,25.626,14.069,72.23,6.885,320.176
2026-09-27 01:00:00,Raj Nagar,28.675,77.44,20.233,36.26,33.343,10.092,0.631,29.74,12.736,83.358,3.322,306.08
2026-09-27 02:00:00,Raj Nagar,28.675,77.44,19.272,38.279,36.165,12.976,0.851,16.054,12.424,85.03,5.272,274.086
2026-09-27 03:00:00,Raj Nagar,28.675,77.44,23.258,44.149,34.123,8.477,0.537,2.0,12.843,85.463,4.539,254.824
2026-09-27 04:00:00,Raj Nagar,28.675,77.44,27.797,45.311,35.258,18.082,0.71,16.617,12.23,76.605,1.423,236.492
2026-09-27 05:00:00,Raj Nagar,28.675,77.44,30.94,59.919,36.138,11.601,0.744,25.197,12.469,94.479,2.06,304.787
2026-09-27 06:00:00,Raj Nagar,28.675,77.44,29.405,54.291,31.339,6.039,0.737,24.887,14.339,87.929,6.174,321.069
2026-09-27 07:00:00,Raj Nagar,28.675,77.44,32.067,61.187,39.465,13.719,0.786,31.45,15.506,75.782,6.897,286.319
2026-09-27 08:00:00,Raj Nagar,28.675,77.44,32.546,53.563,37.183,18.288,0.764,18.554,16.452,61.05,8.916,333.23
2026-09-27 09:00:00,Raj Nagar,28.675,77.44,39.645,73.538,21.114,5.273,0.741,29.263,20.958,74.507,7.966,295.421
2026-09-27 10:00:00,Raj Nagar,28.675,77.44,33.577,62.594,38.499,13.822,0.41,45.399,22.495,66.645,9.909,296.575
2026-09-27 11:00:00,Raj Nagar,28.675,77.44,26.413,44.191,26.842,8.353,0.788,61.568,25.449,55.617,10.361,242.471
2026-09-27 12:00:00,Raj Nagar,28.675,77.44,22.153,42.252,31.996,10.946,0.277,51.362,24.42,58.05,12.109,282.265
2026-09-27 13:00:00,Raj Nagar,28.675,77.44,12.768,26.231,18.158,6.711,0.392,63.288,25.313,44.714,11.482,336.827
2026-09-27 14:00:00,Raj Nagar,28.675,77.44,11.427,18.428,24.357,13.132,0.463,65.478,26.791,39.92,13.609,355.902
2026-09-27 15:00:00,Raj Nagar,28.675,77.44,16.331,28.195,26.897,9.861,0.733,56.658,28.399,45.944,13.6,292.388
2026-09-27 16:00:00,Raj Nagar,28.675,77.44,21.855,38.564,33.684,14.574,0.598,58.258,28.586,36.365,12.649,334.685
2026-09-27 17:00:00,Raj Nagar,28.675,77.44,28.226,52.842,28.53,8.322,0.951,61.449,27.214,41.019,15.174,356.577
2026-09-27 18:00:00,Raj Nagar,28.675,77.44,41.61,81.973,22.407,11.461,0.542,54.753,25.8,54.121,8.717,262.505
2026-09-27 19:00:00,Raj Nagar,28.675,77.44,38.314,73.966,31.637,4.974,0.565,59.065,24.855,56.44,11.844,312.698
2026-09-27 20:00:00,Raj Nagar,28.675,77.44,37.662,68.956,32.132,19.676,0.388,43.104,21.611,51.534,7.249,307.613
2026-09-27 21:00:00,Raj Nagar,28.675,77.44,35.537,73.917,37.683,17.536,0.541,47.097,21.056,62.546,5.88,343.001
2026-09-27 22:00:00,Raj Nagar,28.675,77.44,26.835,47.523,32.597,17.88,0.566,30.635,19.914,62.148,4.542,266.595
2026-09-27 23:00:00,Raj Nagar,28.675,77.44,21.38,42.59,25.745,15.668,0.848,27.691,14.937,72.069,6.177,312.628
2026-09-25 00:00:00,Loni,28.75,77.285,59.091,116.441,37.864,12.56,0.712,19.225,15.75,74.886,3.385,320.892
2026-09-25 01:00:00,Loni,28.75,77.285,60.597,106.338,37.996,16.001,0.805,27.109,13.185,76.29,4.557,311.71
2026-09-25 02:00:00,Loni,28.75,77.285,58.787,123.364,37.94,8.697,0.936,31.526,12.487,73.749,3.326,314.086
2026-09-25 03:00:00,Loni,28.75,77.285,67.463,115.348,49.458,12.035,0.855,3.088,12.349,89.406,0.5,293.43
2026-09-25 04:00:00,Loni,28.75,77.285,62.89,119.777,36.13,13.123,0.828,12.056,11.397,91.016,4.329,248.979
2026-09-25 05:00:00,Loni,28.75,77.285,63.636,127.784,48.594,12.214,0.879,17.988,12.618,78.236,2.381,318.911
2026-09-25 06:00:00,Loni,28.75,77.285,62.448,122.403,43.99,10.883,0.665,19.44,14.158,66.647,3.37,333.519
2026-09-25 07:00:00,Loni,28.75,77.285,63.989,115.069,49.191,11.292,0.927,27.008,17.001,77.178,6.92,33.004
2026-09-25 08:00:00,Loni,28.75,77.285,63.449,128.707,45.456,13.931,1.095,25.505,19.724,71.108,8.679,276.241
2026-09-25 09:00:00,Loni,28.75,77.285,57.641,113.685,41.522,12.065,0.791,47.445,19.09,58.998,8.865,258.107
2026-09-25 10:00:00,Loni,28.75,77.285,47.558,82.175,41.067,11.245,0.8,46.684,22.792,59.468,14.232,253.302
2026-09-25 11:00:00,Loni,28.75,77.285,42.698,84.072,36.236,8.6,0.631,54.495,24.218,38.454,6.313,297.999
2026-09-25 12:00:00,Loni,28.75,77.285,34.276,60.507,29.339,18.575,0.597,55.4,25.155,50.907,14.657,332.11
2026-09-25 13:00:00,Loni,28.75,77.285,30.215,52.321,36.523,11.949,0.829,56.13,25.968,46.761,10.698,335.634
2026-09-25 14:00:00,Loni,28.75,77.285,30.786,55.097,32.266,16.27,0.709,58.873,27.956,53.658,13.753,2.755
2026-09-25 15:00:00,Loni,28.75,77.285,33.12,59.606,40.858,10.814,0.798,77.878,27.415,46.523,14.061,315.417
2026-09-25 16:00:00,Loni,28.75,77.285,36.196,58.164,41.415,12.175,0.757,56.282,28.1,46.227,13.672,252.02
2026-09-25 17:00:00,Loni,28.75,77.285,51.247,88.737,41.315,14.088,0.784,58.484,25.926,59.464,10.94,309.592
2026-09-25 18:00:00,Loni,28.75,77.285,54.36,105.562,44.54,12.354,1.008,43.199,24.553,46.096,8.869,216.034
2026-09-25 19:00:00,Loni,28.75,77.285,56.972,101.79,42.202,13.212,0.574,56.365,25.075,46.024,6.215,286.147
2026-09-25 20:00:00,Loni,28.75,77.285,59.016,113.095,42.767,13.662,0.733,53.539,22.266,65.301,9.055,283.018
2026-09-25 21:00:00,Loni,28.75,77.285,53.555,103.225,34.591,12.03,0.764,25.982,20.172,71.272,8.359,318.405
2026-09-25 22:00:00,Loni,28.75,77.285,52.032,108.719,39.53,12.302,0.819,27.743,17.423,76.591,7.955,317.593
2026-09-25 23:00:00,Loni,28.75,77.285,49.109,89.059,39.949,15.559,0.75,21.144,16.758,73.603,7.925,270.424
2026-09-26 00:00:00,Loni,28.75,77.285,47.957,90.924,39.197,9.488,0.819,19.471,14.16,74.875,5.88,271.612
2026-09-26 01:00:00,Loni,28.75,77.285,46.393,90.875,38.236,17.554,0.984,22.766,13.85,74.862,5.295,302.578
2026-09-26 02:00:00,Loni,28.75,77.285,52.881,102.487,39.487,14.398,0.645,15.639,11.819,78.994,0.5,319.057
2026-09-26 03:00:00,Loni,28.75,77.285,51.192,95.494,50.286,11.701,1.036,14.996,10.938,75.97,4.782,329.427
2026-09-26 04:00:00,Loni,28.75,77.285,58.402,116.637,40.415,15.654,0.818,4.449,11.546,81.68,3.162,280.571
2026-09-26 05:00:00,Loni,28.75,77.285,70.346,135.591,47.047,16.054,0.951,18.01,13.495,92.276,0.5,298.034
2026-09-26 06:00:00,Loni,28.75,77.285,60.747,117.512,40.378,14.041,0.868,29.95,13.355,75.874,6.456,258.33
2026-09-26 07:00:00,Loni,28.75,77.285,74.723,130.239,45.73,13.444,0.99,28.342,17.812,75.77,2.816,258.854
2026-09-26 08:00:00,Loni,28.75,77.285,73.143,146.035,38.228,8.802,1.119,17.483,16.569,73.459,3.879,222.676
2026-09-26 09:00:00,Loni,28.75,77.285,57.091,107.436,35.857,10.801,0.67,50.157,19.85,62.834,11.878,274.693
2026-09-26 10:00:00,Loni,28.75,77.285,52.713,106.603,35.345,12.888,0.708,57.277,23.262,57.611,10.173,351.154
2026-09-26 11:00:00,Loni,28.75,77.285,51.944,87.191,29.703,14.102,0.906,57.041,24.286,62.715,8.414,356.677
2026-09-26 12:00:00,Loni,28.75,77.285,45.654,81.938,37.263,12.549,0.654,65.139,25.304,51.976,10.919,322.696
2026-09-26 13:00:00,Loni,28.75,77.285,37.71,73.545,29.187,13.183,0.446,65.487,28.079,54.455,15.862,340.224
2026-09-26 14:00:00,Loni,28.75,77.285,42.166,86.603,29.207,11.426,0.85,69.419,26.799,60.008,10.814,332.4
2026-09-26 15:00:00,Loni,28.75,77.285,30.902,62.826,45.772,13.525,0.57,60.411,27.712,39.781,13.667,306.938
2026-09-26 16:00:00,Loni,28.75,77.285,37.556,71.559,41.453,18.435,0.857,70.48,26.11,44.748,13.461,202.558
2026-09-26 17:00:00,Loni,28.75,77.285,36.08,71.04,46.507,12.364,0.649,43.746,27.812,46.677,20.023,30.625
2026-09-26 18:00:00,Loni,28.75,77.285,56.308,101.66,38.876,12.501,1.009,56.403,26.217,47.884,8.619,291.711
2026-09-26 19:00:00,Loni,28.75,77.285,65.861,111.039,39.894,13.335,0.933,59.818,24.563,52.411,7.479,291.508
2026-09-26 20:00:00,Loni,28.75,77.285,67.838,125.064,44.61,15.895,0.802,58.189,22.201,68.241,8.155,358.43
2026-09-26 21:00:00,Loni,28.75,77.285,63.647,132.218,43.502,13.133,0.698,43.335,20.081,65.595,6.42,306.39
2026-09-26 22:00:00,Loni,28.75,77.285,71.281,127.378,41.099,16.02,0.893,43.134,18.038,85.113,6.554,40.725
2026-09-26 23:00:00,Loni,28.75,77.285,61.206,114.106,36.088,15.884,0.876,27.066,16.305,72.562,3.841,266.759
2026-09-27 00:00:00,Loni,28.75,77.285,64.372,133.348,45.02,18.65,0.79,27.436,14.473,88.179,5.894,341.456
2026-09-27 01:00:00,Loni,28.75,77.285,59.304,97.889,30.686,14.421,0.662,24.056,12.14,92.874,3.043,290.188
2026-09-27 02:00:00,Loni,28.75,77.285,58.814,95.63,43.561,13.338,0.819,2.0,10.014,83.821,0.5,304.016
2026-09-27 03:00:00,Loni,28.75,77.285,57.33,109.501,37.899,13.996,1.074,21.249,14.088,87.683,1.426,264.77
2026-09-27 04:00:00,Loni,28.75,77.285,63.692,112.997,45.956,13.264,0.919,16.799,11.624,89.616,1.55,274.81
2026-09-27 05:00:00,Loni,28.75,77.285,55.258,106.77,45.618,13.405,0.734,20.107,12.896,78.979,5.685,351.614
2026-09-27 06:00:00,Loni,28.75,77.285,65.942,118.536,45.288,17.513,0.918,29.488,15.457,89.124,5.943,320.718
2026-09-27 07:00:00,Loni,28.75,77.285,63.248,117.345,34.166,11.844,0.974,23.227,16.337,70.132,6.807,316.932
2026-09-27 08:00:00,Loni,28.75,77.285,66.496,138.502,32.961,9.489,0.76,33.738,16.499,67.052,4.653,234.704
2026-09-27 09:00:00,Loni,28.75,77.285,63.244,115.97,31.678,13.657,0.841,40.561,18.835,61.942,8.807,235.83
2026-09-27 10:00:00,Loni,28.75,77.285,65.386,126.784,38.662,13.933,0.87,49.561,22.951,61.175,6.699,263.092
2026-09-27 11:00:00,Loni,28.75,77.285,47.714,100.12,28.335,15.448,0.726,35.295,24.597,56.967,12.656,284.159
2026-09-27 12:00:00,Loni,28.75,77.285,39.29,70.688,34.726,11.594,0.551,63.041,25.141,47.039,15.308,295.89
2026-09-27 13:00:00,Loni,28.75,77.285,42.813,68.695,30.494,10.873,0.856,67.334,26.887,47.001,8.004,312.654
2026-09-27 14:00:00,Loni,28.75,77.285,35.936,70.14,30.696,10.042,0.4,53.71,27.766,38.995,13.61,340.893
2026-09-27 15:00:00,Loni,28.75,77.285,42.296,81.249,35.641,10.315,0.655,59.078,28.248,51.987,13.812,358.809
2026-09-27 16:00:00,Loni,28.75,77.285,44.451,79.005,38.565,9.786,0.658,73.223,28.148,49.851,16.101,307.775
2026-09-27 17:00:00,Loni,28.75,77.285,53.745,105.65,33.73,9.16,0.739,53.816,26.539,45.596,11.76,266.163
2026-09-27 18:00:00,Loni,28.75,77.285,58.556,116.078,37.15,6.427,1.07,69.591,26.358,49.705,10.771,329.181
2026-09-27 19:00:00,Loni,28.75,77.285,58.41,100.18,41.791,15.446,0.804,45.05,24.594,51.021,11.447,307.37
2026-09-27 20:00:00,Loni,28.75,77.285,57.966,98.356,38.809,13.547,1.008,54.252,22.942,54.248,11.12,318.669
2026-09-27 21:00:00,Loni,28.75,77.285,61.941,120.209,39.626,19.452,0.892,32.292,20.771,58.515,8.563,348.241
2026-09-27 22:00:00,Loni,28.75,77.285,57.935,105.05,43.63,8.524,0.915,40.157,18.675,64.621,8.699,284.497
2026-09-27 23:00:00,Loni,28.75,77.285,63.975,106.37,35.657,19.11,0.839,29.324,15.545,80.751,6.772,358.246
2026-09-25 00:00:00,Sahibabad,28.68,77.36,54.81,99.159,38.211,12.921,1.013,23.317,15.365,80.035,5.216,338.648
2026-09-25 01:00:00,Sahibabad,28.68,77.36,55.563,102.955,40.321,15.36,0.766,4.722,13.785,81.02,3.385,334.197
2026-09-25 02:00:00,Sahibabad,28.68,77.36,61.449,125.381,42.049,15.412,1.112,23.15,12.988,78.644,3.908,349.846
2026-09-25 03:00:00,Sahibabad,28.68,77.36,61.038,125.786,41.932,14.117,0.806,15.598,13.025,82.755,0.5,346.461
2026-09-25 04:00:00,Sahibabad,28.68,77.36,58.357,110.386,31.243,12.283,0.656,14.57,12.574,80.471,0.5,348.556
2026-09-25 05:00:00,Sahibabad,28.68,77.36,60.221,111.82,39.723,17.963,0.894,20.42,13.397,73.095,0.5,316.012
2026-09-25 06:00:00,Sahibabad,28.68,77.36,60.978,102.88,44.085,12.128,0.95,8.866,14.791,87.826,7.105,316.039
2026-09-25 07:00:00,Sahibabad,28.68,77.36,64.383,103.781,33.937,10.567,1.181,21.006,14.68,77.685,3.026,306.2
2026-09-25 08:00:00,Sahibabad,28.68,77.36,66.901,134.996,33.56,12.432,1.03,34.954,15.818,67.884,3.489,343.594
2026-09-25 09:00:00,Sahibabad,28.68,77.36,64.62,114.331,37.816,13.742,1.08,32.013,17.937,62.153,7.677,272.765
2026-09-25 10:00:00,Sahibabad,28.68,77.36,51.548,105.855,38.926,11.656,0.998,52.063,22.772,57.29,14.682,295.014
2026-09-25 11:00:00,Sahibabad,28.68,77.36,46.501,86.258,40.357,9.824,0.692,42.278,23.47,50.492,9.271,258.248
2026-09-25 12:00:00,Sahibabad,28.68,77.36,41.024,71.16,39.94,11.719,0.826,56.392,25.384,48.532,10.555,326.41
2026-09-25 13:00:00,Sahibabad,28.68,77.36,33.408,54.873,28.166,15.039,0.608,72.589,27.087,42.226,15.567,6.087
2026-09-25 14:00:00,Sahibabad,28.68,77.36,33.815,61.818,22.167,7.608,0.719,57.196,29.148,49.893,14.374,267.821
2026-09-25 15:00:00,Sahibabad,28.68,77.36,33.789,70.728,42.877,12.124,0.713,65.096,28.661,33.831,13.965,234.706
2026-09-25 16:00:00,Sahibabad,28.68,77.36,43.618,85.634,43.328,8.805,0.813,56.816,27.929,46.893,12.592,297.85
2026-09-25 17:00:00,Sahibabad,28.68,77.36,41.866,77.155,32.788,8.779,0.997,49.287,27.343,42.377,13.895,312.734
2026-09-25 18:00:00,Sahibabad,28.68,77.36,63.076,103.48,45.35,8.167,1.08,62.591,27.896,56.322,5.472,293.886
2026-09-25 19:00:00,Sahibabad,28.68,77.36,57.131,104.998,40.975,12.861,0.844,52.089,23.008,53.971,11.649,252.196
2026-09-25 20:00:00,Sahibabad,28.68,77.36,63.735,107.495,39.854,7.911,0.829,47.039,23.462,61.95,6.382,344.255
2026-09-25 21:00:00,Sahibabad,28.68,77.36,48.472,89.44,47.914,12.815,0.974,42.372,20.023,61.265,11.613,313.605
2026-09-25 22:00:00,Sahibabad,28.68,77.36,51.345,86.363,33.929,12.131,0.844,26.854,17.851,77.975,9.026,12.259
2026-09-25 23:00:00,Sahibabad,28.68,77.36,43.514,70.289,27.453,13.514,0.96,17.826,16.626,67.54,6.875,339.063
2026-09-26 00:00:00,Sahibabad,28.68,77.36,41.382,85.842,36.235,5.657,0.399,23.796,12.502,75.149,8.679,266.435
2026-09-26 01:00:00,Sahibabad,28.68,77.36,40.38,79.394,31.61,6.904,0.748,30.189,12.004,76.424,9.412,319.337
2026-09-26 02:00:00,Sahibabad,28.68,77.36,51.52,105.624,38.942,11.342,1.003,18.397,12.665,83.912,2.154,323.903
2026-09-26 03:00:00,Sahibabad,28.68,77.36,53.451,92.341,36.602,12.589,0.639,3.686,12.458,85.542,2.062,5.427
2026-09-26 04:00:00,Sahibabad,28.68,77.36,52.043,96.824,33.774,15.536,0.591,39.362,12.844,76.741,3.967,277.127
2026-09-26 05:00:00,Sahibabad,28.68,77.36,55.104,99.844,37.463,12.236,0.616,8.463,13.785,75.99,4.311,250.168
2026-09-26 06:00:00,Sahibabad,28.68,77.36,64.853,113.46,32.06,10.757,0.909,7.67,16.351,72.484,0.5,301.438
2026-09-26 07:00:00,Sahibabad,28.68,77.36,58.882,109.558,30.521,16.329,0.752,41.579,15.356,66.208,4.26,292.221
2026-09-26 08:00:00,Sahibabad,28.68,77.36,67.019,140.036,40.23,11.441,0.962,27.023,18.319,66.058,4.14,291.158
2026-09-26 09:00:00,Sahibabad,28.68,77.36,73.074,130.9,45.621,9.14,1.084,36.038,20.748,75.424,8.973,313.46
2026-09-26 10:00:00,Sahibabad,28.68,77.36,64.111,111.641,30.958,14.188,0.788,55.749,22.444,60.665,10.621,187.767
2026-09-26 11:00:00,Sahibabad,28.68,77.36,50.166,81.106,40.262,12.541,0.881,65.844,23.892,51.02,10.98,254.833
2026-09-26 12:00:00,Sahibabad,28.68,77.36,50.185,81.106,34.639,15.054,0.814,56.225,24.879,49.246,10.434,305.032
2026-09-26 13:00:00,Sahibabad,28.68,77.36,43.155,79.836,38.133,8.996,0.457,67.581,26.721,38.328,11.778,296.728
2026-09-26 14:00:00,Sahibabad,28.68,77.36,37.188,70.866,35.708,11.992,0.579,78.643,29.025,36.69,18.34,20.153
2026-09-26 15:00:00,Sahibabad,28.68,77.36,47.283,95.087,42.676,10.32,0.862,55.552,30.194,39.865,7.906,300.474
2026-09-26 16:00:00,Sahibabad,28.68,77.36,33.779,59.691,32.559,12.43,0.794,66.466,25.986,38.059,21.347,245.801
2026-09-26 17:00:00,Sahibabad,28.68,77.36,47.783,92.239,27.101,10.271,0.577,58.569,26.947,52.82,17.822,272.247
2026-09-26 18:00:00,Sahibabad,28.68,77.36,61.927,99.244,52.699,13.134,0.852,48.005,23.876,62.203,11.784,339.707
2026-09-26 19:00:00,Sahibabad,28.68,77.36,58.64,95.218,40.259,16.386,0.529,59.944,23.272,60.177,12.569,289.886
2026-09-26 20:00:00,Sahibabad,28.68,77.36,53.88,108.539,39.382,12.882,0.82,56.042,22.308,55.07,9.227,218.669
2026-09-26 21:00:00,Sahibabad,28.68,77.36,49.951,84.434,36.671,11.504,0.89,45.122,18.812,65.053,7.536,326.668
2026-09-26 22:00:00,Sahibabad,28.68,77.36,49.97,98.485,45.911,16.734,0.564,38.136,17.481,73.254,5.267,345.859
2026-09-26 23:00:00,Sahibabad,28.68,77.36,52.459,105.401,30.775,12.212,0.663,25.294,15.398,77.388,3.281,295.728
2026-09-27 00:00:00,Sahibabad,28.68,77.36,50.549,105.423,29.344,13.226,0.601,24.887,14.537,88.091,5.49,278.078
2026-09-27 01:00:00,Sahibabad,28.68,77.36,50.245,85.353,33.369,15.046,0.828,22.829,12.649,75.133,0.595,334.049
2026-09-27 02:00:00,Sahibabad,28.68,77.36,57.816,116.566,41.808,12.348,0.962,34.607,13.443,85.218,2.316,220.292
2026-09-27 03:00:00,Sahibabad,28.68,77.36,65.095,111.801,36.937,12.884,1.139,2.085,11.935,84.681,0.949,330.294
2026-09-27 04:00:00,Sahibabad,28.68,77.36,53.43,90.42,33.774,12.275,0.593,10.982,11.395,82.283,7.055,301.634
2026-09-27 05:00:00,Sahibabad,28.68,77.36,53.536,102.301,31.697,13.613,0.815,16.817,11.498,72.969,5.48,335.362
2026-09-27 06:00:00,Sahibabad,28.68,77.36,59.794,100.053,45.082,20.236,1.009,26.155,13.479,70.389,1.868,254.755
2026-09-27 07:00:00,Sahibabad,28.68,77.36,61.042,118.241,42.406,16.541,0.91,39.408,15.791,82.739,8.219,297.682
2026-09-27 08:00:00,Sahibabad,28.68,77.36,64.978,129.408,46.017,16.295,0.683,41.709,18.423,75.296,7.395,338.936
2026-09-27 09:00:00,Sahibabad,28.68,77.36,58.568,119.242,36.404,10.243,0.824,37.664,20.705,58.147,10.75,321.971
2026-09-27 10:00:00,Sahibabad,28.68,77.36,45.716,75.873,35.989,11.012,0.926,51.623,22.975,48.976,11.897,200.237
2026-09-27 11:00:00,Sahibabad,28.68,77.36,49.684,82.153,41.932,14.215,0.801,51.585,24.55,55.168,7.373,334.147
2026-09-27 12:00:00,Sahibabad,28.68,77.36,38.409,72.143,29.743,6.32,0.832,59.722,26.615,50.379,13.637,342.649
2026-09-27 13:00:00,Sahibabad,28.68,77.36,32.255,62.397,39.086,9.229,0.835,69.913,26.577,37.984,13.018,316.907
2026-09-27 14:00:00,Sahibabad,28.68,77.36,34.886,68.764,36.31,15.342,0.499,42.886,27.534,58.018,18.626,302.85
2026-09-27 15:00:00,Sahibabad,28.68,77.36,40.101,66.859,42.766,15.165,0.617,62.844,27.385,52.441,11.646,340.24
2026-09-27 16:00:00,Sahibabad,28.68,77.36,33.441,65.139,38.99,12.515,0.594,56.343,26.918,39.204,15.564,304.987
2026-09-27 17:00:00,Sahibabad,28.68,77.36,50.835,95.569,27.887,14.665,0.789,54.599,28.289,55.55,10.132,228.903
2026-09-27 18:00:00,Sahibabad,28.68,77.36,41.837,71.984,32.022,18.686,0.739,52.781,25.463,52.232,17.649,270.631
2026-09-27 19:00:00,Sahibabad,28.68,77.36,50.353,86.816,23.558,11.761,0.936,37.532,22.854,59.345,12.422,1.926
2026-09-27 20:00:00,Sahibabad,28.68,77.36,49.189,102.626,25.579,18.903,0.679,56.738,21.203,54.767,8.224,290.574
2026-09-27 21:00:00,Sahibabad,28.68,77.36,51.886,103.423,32.048,14.022,1.033,60.422,22.09,68.716,11.598,309.309
2026-09-27 22:00:00,Sahibabad,28.68,77.36,53.275,91.848,46.33,12.093,1.032,35.068,18.173,83.505,10.854,233.221
2026-09-27 23:00:00,Sahibabad,28.68,77.36,48.453,80.786,36.984,16.724,0.925,40.439,16.457,82.081,6.005,321.668
2026-09-25 00:00:00,Kaushambi,28.645,77.32,53.247,91.672,38.352,12.629,0.826,35.315,13.488,80.02,2.864,301.524
2026-09-25 01:00:00,Kaushambi,28.645,77.32,50.151,84.046,41.747,10.55,0.768,26.628,13.289,76.678,4.553,267.607
2026-09-25 02:00:00,Kaushambi,28.645,77.32,59.907,100.102,44.898,13.303,0.919,8.848,13.506,82.007,0.5,315.227
2026-09-25 03:00:00,Kaushambi,28.645,77.32,66.526,106.631,31.334,8.759,0.873,9.106,12.317,83.92,0.942,282.749
2026-09-25 04:00:00,Kaushambi,28.645,77.32,65.989,118.346,30.826,14.677,0.669,17.541,12.891,88.002,3.358,305.657
2026-09-25 05:00:00,Kaushambi,28.645,77.32,63.793,116.009,37.001,13.65,0.846,15.087,14.089,79.187,0.602,331.362
2026-09-25 06:00:00,Kaushambi,28.645,77.32,65.117,121.042,41.004,14.734,1.028,16.172,13.953,88.363,5.583,334.668
2026-09-25 07:00:00,Kaushambi,28.645,77.32,53.881,113.006,37.963,16.191,0.835,21.551,17.655,69.021,8.163,283.042
2026-09-25 08:00:00,Kaushambi,28.645,77.32,65.431,109.683,46.898,19.114,0.614,31.956,17.882,72.029,5.017,331.624
2026-09-25 09:00:00,Kaushambi,28.645,77.32,50.352,99.558,31.304,11.641,0.821,28.776,19.91,56.068,10.855,20.427
2026-09-25 10:00:00,Kaushambi,28.645,77.32,52.302,108.551,31.335,10.351,0.813,40.093,24.021,60.657,7.605,252.042
2026-09-25 11:00:00,Kaushambi,28.645,77.32,51.45,103.442,31.798,11.302,0.903,61.214,23.754,61.528,7.068,267.24
2026-09-25 12:00:00,Kaushambi,28.645,77.32,37.19,65.824,40.498,16.329,0.85,49.017,26.33,52.894,16.396,240.846
2026-09-25 13:00:00,Kaushambi,28.645,77.32,31.531,57.156,36.947,8.614,0.573,60.961,25.176,40.453,13.277,10.562
2026-09-25 14:00:00,Kaushambi,28.645,77.32,35.777,66.554,25.708,19.458,0.681,66.334,26.321,57.873,14.301,300.726
2026-09-25 15:00:00,Kaushambi,28.645,77.32,36.637,73.107,38.083,12.221,0.585,73.213,28.999,51.294,12.493,292.381
2026-09-25 16:00:00,Kaushambi,28.645,77.32,36.303,61.551,30.279,12.879,0.699,53.755,27.082,43.709,11.401,323.217
2026-09-25 17:00:00,Kaushambi,28.645,77.32,40.883,73.03,26.389,16.715,0.673,54.828,27.636,48.348,13.146,336.514
2026-09-25 18:00:00,Kaushambi,28.645,77.32,41.091,74.886,34.537,10.999,0.717,57.148,27.049,51.902,17.536,308.145
2026-09-25 19:00:00,Kaushambi,28.645,77.32,47.297,90.078,35.692,13.563,0.725,60.283,22.884,45.73,9.998,355.412
2026-09-25 20:00:00,Kaushambi,28.645,77.32,49.527,96.547,41.534,16.185,0.88,51.586,24.515,55.464,12.199,295.228
2026-09-25 21:00:00,Kaushambi,28.645,77.32,43.866,80.285,34.86,9.303,1.031,52.895,19.046,65.134,13.252,252.055
2026-09-25 22:00:00,Kaushambi,28.645,77.32,48.765,95.118,43.535,7.555,0.744,28.437,18.311,78.534,6.084,359.682
2026-09-25 23:00:00,Kaushambi,28.645,77.32,40.448,65.707,42.158,12.672,0.836,21.502,17.127,71.039,5.196,292.204
2026-09-26 00:00:00,Kaushambi,28.645,77.32,34.888,64.784,29.895,8.228,0.625,16.928,14.693,77.938,2.992,233.083
2026-09-26 01:00:00,Kaushambi,28.645,77.32,39.819,77.858,33.387,13.265,0.227,12.823,13.752,87.878,1.392,180.559
2026-09-26 02:00:00,Kaushambi,28.645,77.32,37.225,61.44,39.724,11.334,0.749,8.631,11.629,88.346,0.854,239.714
2026-09-26 03:00:00,Kaushambi,28.645,77.32,37.11,72.398,34.046,14.897,0.749,18.319,11.649,93.488,0.5,273.582
2026-09-26 04:00:00,Kaushambi,28.645,77.32,40.06,78.402,40.62,14.758,1.011,2.083,12.651,88.756,1.052,300.148
2026-09-26 05:00:00,Kaushambi,28.645,77.32,35.001,68.109,39.571,6.995,0.795,28.037,13.751,84.311,0.915,311.567
2026-09-26 06:00:00,Kaushambi,28.645,77.32,39.102,81.65,24.572,10.76,0.681,21.071,13.051,81.18,3.937,238.629
2026-09-26 07:00:00,Kaushambi,28.645,77.32,44.17,90.613,38.91,8.674,0.504,30.702,16.529,82.868,11.139,286.172
2026-09-26 08:00:00,Kaushambi,28.645,77.32,47.965,97.263,39.081,13.607,0.827,22.589,17.408,66.437,7.58,273.134
2026-09-26 09:00:00,Kaushambi,28.645,77.32,52.496,86.014,40.411,9.085,0.951,33.595,19.299,69.593,8.694,315.52
2026-09-26 10:00:00,Kaushambi,28.645,77.32,53.721,111.817,40.198,15.85,1.209,41.597,23.356,57.231,8.491,332.712
2026-09-26 11:00:00,Kaushambi,28.645,77.32,43.891,89.573,37.63,7.351,0.779,48.362,23.807,52.841,12.533,2.915
2026-09-26 12:00:00,Kaushambi,28.645,77.32,40.823,77.031,45.742,11.731,0.859,53.308,25.633,52.244,12.286,354.353
2026-09-26 13:00:00,Kaushambi,28.645,77.32,40.25,80.19,37.226,9.683,0.749,61.536,27.428,47.747,11.106,244.903
2026-09-26 14:00:00,Kaushambi,28.645,77.32,33.013,65.799,30.302,10.321,0.797,59.589,28.332,42.306,14.903,306.395
2026-09-26 15:00:00,Kaushambi,28.645,77.32,35.312,70.641,31.227,10.227,0.758,70.299,27.968,44.082,11.61,289.012
2026-09-26 16:00:00,Kaushambi,28.645,77.32,37.27,72.535,32.596,11.905,0.526,70.521,27.726,45.399,12.901,293.004
2026-09-26 17:00:00,Kaushambi,28.645,77.32,42.509,81.192,43.023,8.823,0.761,75.719,26.148,51.011,12.741,296.236
2026-09-26 18:00:00,Kaushambi,28.645,77.32,44.23,83.231,29.557,10.788,0.726,59.508,25.852,50.972,11.559,3.635
2026-09-26 19:00:00,Kaushambi,28.645,77.32,41.401,81.637,44.264,17.26,0.774,50.934,24.309,57.518,15.034,327.853
2026-09-26 20:00:00,Kaushambi,28.645,77.32,40.716,82.079,36.223,12.216,0.873,47.335,23.076,62.03,12.007,301.754
2026-09-26 21:00:00,Kaushambi,28.645,77.32,40.889,75.669,22.224,16.853,0.866,43.414,21.165,61.579,5.081,305.601
2026-09-26 22:00:00,Kaushambi,28.645,77.32,35.976,65.973,41.744,11.548,0.656,27.874,17.285,72.351,4.079,250.934
2026-09-26 23:00:00,Kaushambi,28.645,77.32,30.337,61.948,37.317,9.941,0.709,34.283,17.046,60.198,5.605,325.293
2026-09-27 00:00:00,Kaushambi,28.645,77.32,37.949,66.331,32.246,8.402,0.623,28.087,13.289,90.729,7.357,289.449
2026-09-27 01:00:00,Kaushambi,28.645,77.32,45.92,74.074,37.594,13.792,0.594,4.959,13.339,95.357,1.953,268.007
2026-09-27 02:00:00,Kaushambi,28.645,77.32,41.463,68.438,40.816,16.705,0.656,31.016,13.454,85.538,0.5,247.7
2026-09-27 03:00:00,Kaushambi,28.645,77.32,47.664,87.226,43.887,15.649,0.752,17.404,13.309,81.3,2.614,16.368
2026-09-27 04:00:00,Kaushambi,28.645,77.32,48.61,80.35,36.245,14.409,0.853,8.654,12.813,87.29,1.403,280.257
2026-09-27 05:00:00,Kaushambi,28.645,77.32,39.249,82.336,42.878,15.945,1.163,10.667,14.23,74.444,7.859,335.075
2026-09-27 06:00:00,Kaushambi,28.645,77.32,51.183,102.067,36.676,14.825,0.869,24.202,14.755,87.358,1.699,312.963
2026-09-27 07:00:00,Kaushambi,28.645,77.32,56.563,98.575,46.296,15.709,0.674,21.004,15.52,78.179,2.485,349.663
2026-09-27 08:00:00,Kaushambi,28.645,77.32,50.703,89.61,28.127,15.05,0.833,26.269,19.16,65.992,5.323,235.355
2026-09-27 09:00:00,Kaushambi,28.645,77.32,54.522,98.443,47.778,15.442,0.798,36.837,17.642,57.892,5.525,352.28
2026-09-27 10:00:00,Kaushambi,28.645,77.32,37.659,61.741,23.908,8.762,0.913,50.527,22.623,45.467,10.476,0.449
2026-09-27 11:00:00,Kaushambi,28.645,77.32,36.269,62.178,29.307,10.155,0.627,49.813,23.573,57.723,10.36,261.012
2026-09-27 12:00:00,Kaushambi,28.645,77.32,27.585,44.163,38.03,16.883,0.719,51.009,25.679,41.435,14.759,331.338
2026-09-27 13:00:00,Kaushambi,28.645,77.32,28.472,55.651,32.709,9.636,0.835,74.101,29.267,45.288,19.618,261.729
2026-09-27 14:00:00,Kaushambi,28.645,77.32,36.663,59.56,38.415,8.668,0.71,68.144,28.375,45.461,13.073,286.444
2026-09-27 15:00:00,Kaushambi,28.645,77.32,39.664,67.57,27.777,13.637,0.644,58.171,27.406,41.821,10.643,259.376
2026-09-27 16:00:00,Kaushambi,28.645,77.32,36.753,73.281,29.137,11.336,0.855,65.916,25.929,37.451,12.599,321.381
2026-09-27 17:00:00,Kaushambi,28.645,77.32,43.956,80.498,34.238,16.841,0.729,62.806,26.118,47.95,11.304,287.041
2026-09-27 18:00:00,Kaushambi,28.645,77.32,47.814,90.067,27.603,8.24,1.031,57.679,26.599,51.003,13.949,298.98
2026-09-27 19:00:00,Kaushambi,28.645,77.32,54.13,105.42,45.326,9.176,0.806,52.883,23.528,54.196,12.407,258.645
2026-09-27 20:00:00,Kaushambi,28.645,77.32,59.434,124.792,39.443,18.859,0.839,45.224,21.949,70.118,10.981,335.831
2026-09-27 21:00:00,Kaushambi,28.645,77.32,59.266,102.456,32.986,10.276,0.946,43.723,19.707,76.384,7.743,289.824
2026-09-27 22:00:00,Kaushambi,28.645,77.32,56.011,101.783,38.64,11.042,0.87,33.369,16.993,69.133,5.648,304.079
2026-09-27 23:00:00,Kaushambi,28.645,77.32,55.884,106.833,38.916,11.907,0.663,29.191,17.813,80.091,7.369,277.579
2026-09-25 00:00:00,Noida Sector 62,28.627,77.365,39.822,65.766,36.272,12.055,0.783,14.824,14.32,81.618,6.163,270.257
2026-09-25 01:00:00,Noida Sector 62,28.627,77.365,45.17,74.425,37.612,13.238,0.523,14.716,12.356,77.27,0.5,244.522
2026-09-25 02:00:00,Noida Sector 62,28.627,77.365,37.83,77.057,39.274,12.724,0.434,15.856,12.098,80.366,5.489,270.295
2026-09-25 03:00:00,Noida Sector 62,28.627,77.365,56.354,106.458,38.205,10.109,0.862,26.426,12.927,93.729,0.5,310.622
2026-09-25 04:00:00,Noida Sector 62,28.627,77.365,47.107,98.234,44.566,11.056,0.725,20.054,14.175,83.145,2.135,345.381
2026-09-25 05:00:00,Noida Sector 62,28.627,77.365,50.373,104.968,42.277,13.456,0.588,19.74,13.246,86.824,4.157,346.742
2026-09-25 06:00:00,Noida Sector 62,28.627,77.365,53.562,103.965,32.43,11.874,0.99,11.512,14.492,80.47,2.488,262.278
2026-09-25 07:00:00,Noida Sector 62,28.627,77.365,53.852,106.442,45.509,13.462,0.741,12.917,17.782,74.539,7.017,40.356
2026-09-25 08:00:00,Noida Sector 62,28.627,77.365,65.211,108.717,43.437,8.263,0.972,30.072,18.543,75.775,4.909,32.483
2026-09-25 09:00:00,Noida Sector 62,28.627,77.365,53.707,88.018,42.503,11.608,0.966,45.618,20.52,63.057,8.159,246.551
2026-09-25 10:00:00,Noida Sector 62,28.627,77.365,51.226,97.615,46.189,14.364,0.589,60.954,23.446,60.692,11.687,255.262
2026-09-25 11:00:00,Noida Sector 62,28.627,77.365,43.711,79.944,25.323,11.461,0.74,54.525,23.83,47.23,7.763,293.199
2026-09-25 12:00:00,Noida Sector 62,28.627,77.365,29.882,55.235,22.529,5.079,0.551,70.151,24.189,43.516,13.404,344.937
2026-09-25 13:00:00,Noida Sector 62,28.627,77.365,27.275,55.484,34.995,11.672,0.761,54.584,26.955,40.861,11.787,354.413
2026-09-25 14:00:00,Noida Sector 62,28.627,77.365,23.881,38.424,16.287,10.422,0.834,65.79,26.858,37.837,15.413,317.676
2026-09-25 15:00:00,Noida Sector 62,28.627,77.365,34.631,69.984,32.661,9.004,0.738,53.392,27.61,52.79,11.75,329.559
2026-09-25 16:00:00,Noida Sector 62,28.627,77.365,31.905,65.407,34.071,14.299,0.737,59.309,27.06,40.849,16.227,304.544
2026-09-25 17:00:00,Noida Sector 62,28.627,77.365,49.461,80.758,34.996,14.841,0.756,71.292,26.93,46.161,4.653,315.619
2026-09-25 18:00:00,Noida Sector 62,28.627,77.365,50.573,89.25,44.743,10.712,0.891,53.672,25.867,55.753,9.611,318.03
2026-09-25 19:00:00,Noida Sector 62,28.627,77.365,50.997,104.961,38.91,13.105,0.66,45.849,22.581,63.769,15.989,275.178
2026-09-25 20:00:00,Noida Sector 62,28.627,77.365,54.233,97.399,53.142,12.484,0.531,38.373,23.475,58.64,10.911,28.83
2026-09-25 21:00:00,Noida Sector 62,28.627,77.365,59.414,114.964,33.023,10.7,0.962,46.698,20.872,63.9,5.466,344.894
2026-09-25 22:00:00,Noida Sector 62,28.627,77.365,58.776,105.258,44.216,16.49,0.925,38.99,16.85,62.386,3.688,334.266
2026-09-25 23:00:00,Noida Sector 62,28.627,77.365,52.376,88.14,42.317,10.84,0.951,27.614,16.295,63.93,3.685,290.353
2026-09-26 00:00:00,Noida Sector 62,28.627,77.365,62.501,130.415,39.575,12.487,0.956,22.671,16.751,85.072,3.337,275.809
2026-09-26 01:00:00,Noida Sector 62,28.627,77.365,63.626,119.565,43.773,11.987,0.7,6.815,13.246,81.727,2.179,234.639
2026-09-26 02:00:00,Noida Sector 62,28.627,77.365,64.638,129.097,40.92,13.921,0.723,9.698,12.299,87.632,5.168,288.803
2026-09-26 03:00:00,Noida Sector 62,28.627,77.365,61.504,105.864,31.917,17.851,1.019,21.226,10.583,87.246,7.221,309.572
2026-09-26 04:00:00,Noida Sector 62,28.627,77.365,62.102,108.275,41.676,16.14,0.71,17.179,11.5,78.461,1.818,250.826
2026-09-26 05:00:00,Noida Sector 62,28.627,77.365,68.219,128.87,52.276,19.308,0.875,19.254,13.212,76.944,3.546,284.194
2026-09-26 06:00:00,Noida Sector 62,28.627,77.365,73.07,147.675,53.212,16.147,0.786,27.552,14.962,82.03,2.898,285.101
2026-09-26 07:00:00,Noida Sector 62,28.627,77.365,72.032,125.7,37.23,15.164,1.13,24.107,15.445,76.978,2.522,330.401
2026-09-26 08:00:00,Noida Sector 62,28.627,77.365,64.241,110.161,41.619,5.506,0.673,46.058,18.046,76.37,8.183,327.729
2026-09-26 09:00:00,Noida Sector 62,28.627,77.365,63.46,129.01,49.533,14.356,0.966,28.51,21.589,60.234,8.165,267.657
2026-09-26 10:00:00,Noida Sector 62,28.627,77.365,54.032,111.58,31.151,11.079,0.685,52.865,22.225,54.179,12.632,285.39
2026-09-26 11:00:00,Noida Sector 62,28.627,77.365,50.554,103.301,38.563,9.401,0.892,57.436,25.141,55.787,9.208,280.844
2026-09-26 12:00:00,Noida Sector 62,28.627,77.365,43.504,87.809,30.525,10.76,0.848,60.409,25.527,58.87,12.148,258.677
2026-09-26 13:00:00,Noida Sector 62,28.627,77.365,41.883,71.007,41.481,10.906,0.798,42.406,28.011,56.428,9.523,279.328
2026-09-26 14:00:00,Noida Sector 62,28.627,77.365,30.285,60.047,34.173,7.862,0.896,67.611,28.257,39.372,13.771,309.093
2026-09-26 15:00:00,Noida Sector 62,28.627,77.365,33.835,59.908,28.801,10.595,1.001,60.169,27.196,45.249,14.758,237.901
2026-09-26 16:00:00,Noida Sector 62,28.627,77.365,41.019,75.266,32.668,18.525,0.184,75.536,26.699,53.351,12.179,319.266
2026-09-26 17:00:00,Noida Sector 62,28.627,77.365,43.244,87.668,42.276,7.747,0.733,54.199,28.243,51.748,13.411,261.346
2026-09-26 18:00:00,Noida Sector 62,28.627,77.365,40.587,74.64,34.006,12.993,0.661,63.177,26.28,41.546,12.975,243.46
2026-09-26 19:00:00,Noida Sector 62,28.627,77.365,54.967,95.35,33.434,13.731,0.973,48.051,23.02,60.341,6.468,273.559
2026-09-26 20:00:00,Noida Sector 62,28.627,77.365,47.891,94.227,41.062,13.534,0.945,33.198,22.037,55.162,6.316,292.949
2026-09-26 21:00:00,Noida Sector 62,28.627,77.365,54.879,89.603,40.408,12.756,0.596,38.937,20.604,66.988,7.674,317.559
2026-09-26 22:00:00,Noida Sector 62,28.627,77.365,44.501,74.013,35.817,13.653,0.762,38.473,15.945,72.792,5.073,274.382
2026-09-26 23:00:00,Noida Sector 62,28.627,77.365,37.685,65.407,32.074,7.713,0.62,25.709,16.23,79.534,7.579,318.02
2026-09-27 00:00:00,Noida Sector 62,28.627,77.365,35.379,70.342,35.595,10.3,0.796,22.766,15.037,78.672,4.802,307.044
2026-09-27 01:00:00,Noida Sector 62,28.627,77.365,36.265,61.078,38.76,11.148,0.89,20.971,13.133,84.214,3.209,346.649
2026-09-27 02:00:00,Noida Sector 62,28.627,77.365,37.404,60.118,29.204,17.782,0.565,20.694,13.033,84.256,3.802,289.798
2026-09-27 03:00:00,Noida Sector 62,28.627,77.365,35.07,70.555,29.512,10.51,0.712,7.645,10.994,85.836,3.706,276.986
2026-09-27 04:00:00,Noida Sector 62,28.627,77.365,41.661,79.944,37.336,9.192,0.601,28.779,14.156,92.598,0.523,45.598
2026-09-27 05:00:00,Noida Sector 62,28.627,77.365,43.899,91.197,35.539,14.492,0.522,13.157,10.114,84.392,4.229,339.414
2026-09-27 06:00:00,Noida Sector 62,28.627,77.365,34.213,56.761,33.501,14.726,0.882,25.598,12.779,73.586,8.082,269.175
2026-09-27 07:00:00,Noida Sector 62,28.627,77.365,39.364,77.706,30.392,12.066,0.9,38.651,16.795,76.456,6.923,339.55
2026-09-27 08:00:00,Noida Sector 62,28.627,77.365,41.708,76.375,39.218,6.757,0.596,26.739,18.111,67.95,5.608,20.849
2026-09-27 09:00:00,Noida Sector 62,28.627,77.365,52.845,108.89,33.046,12.738,0.986,43.257,18.268,70.22,3.143,306.696
2026-09-27 10:00:00,Noida Sector 62,28.627,77.365,46.907,94.937,43.431,10.402,0.597,41.303,23.247,64.035,6.053,306.372
2026-09-27 11:00:00,Noida Sector 62,28.627,77.365,33.894,54.931,40.957,12.2,0.825,43.648,22.867,58.002,11.375,271.176
2026-09-27 12:00:00,Noida Sector 62,28.627,77.365,27.799,50.757,40.465,9.14,0.514,68.564,26.277,43.097,10.02,345.051
2026-09-27 13:00:00,Noida Sector 62,28.627,77.365,23.496,45.111,43.301,10.903,0.645,61.893,24.236,49.027,10.082,318.871
2026-09-27 14:00:00,Noida Sector 62,28.627,77.365,22.152,46.101,28.042,9.197,0.615,62.465,26.172,38.912,15.78,236.987
2026-09-27 15:00:00,Noida Sector 62,28.627,77.365,23.572,45.208,38.479,5.299,0.276,62.003,28.934,38.521,16.884,293.875
2026-09-27 16:00:00,Noida Sector 62,28.627,77.365,31.549,58.748,29.193,14.725,0.639,61.022,29.677,44.492,11.129,296.192
2026-09-27 17:00:00,Noida Sector 62,28.627,77.365,33.676,60.484,24.96,8.55,0.685,48.108,27.105,50.933,17.02,288.787
2026-09-27 18:00:00,Noida Sector 62,28.627,77.365,42.972,76.835,28.686,12.422,0.583,67.595,25.783,52.399,10.766,289.915
2026-09-27 19:00:00,Noida Sector 62,28.627,77.365,41.16,71.246,30.392,16.896,0.669,58.01,22.51,51.849,11.471,231.822
2026-09-27 20:00:00,Noida Sector 62,28.627,77.365,46.97,76.908,27.017,9.94,0.941,30.861,21.37,60.106,5.205,24.884
2026-09-27 21:00:00,Noida Sector 62,28.627,77.365,46.06,75.474,48.61,13.845,0.763,40.97,19.022,74.252,10.134,290.675
2026-09-27 22:00:00,Noida Sector 62,28.627,77.365,44.78,91.594,34.924,9.201,0.691,37.863,17.18,66.283,2.444,1.583
2026-09-27 23:00:00,Noida Sector 62,28.627,77.365,41.628,74.148,42.778,13.593,0.546,28.955,14.471,63.767,1.151,281.341
2026-09-25 00:00:00,Muradnagar (KIET),28.777,77.509,69.504,137.227,46.17,11.354,0.902,16.526,15.45,80.286,6.149,267.18
2026-09-25 01:00:00,Muradnagar (KIET),28.777,77.509,73.256,123.331,37.364,15.016,1.003,11.351,14.165,85.37,7.125,327.931
2026-09-25 02:00:00,Muradnagar (KIET),28.777,77.509,74.243,153.723,43.118,13.172,0.833,18.488,12.1,86.279,4.121,259.785
2026-09-25 03:00:00,Muradnagar (KIET),28.777,77.509,80.366,131.829,44.006,12.679,0.975,12.781,11.935,87.41,2.366,234.239
2026-09-25 04:00:00,Muradnagar (KIET),28.777,77.509,74.661,154.45,49.28,14.912,0.986,7.166,13.136,81.628,4.55,297.699
2026-09-25 05:00:00,Muradnagar (KIET),28.777,77.509,75.839,132.922,44.238,14.126,0.868,18.164,12.206,72.408,0.5,288.44
2026-09-25 06:00:00,Muradnagar (KIET),28.777,77.509,81.697,157.073,44.352,18.958,1.144,23.245,12.825,76.277,2.302,317.06
2026-09-25 07:00:00,Muradnagar (KIET),28.777,77.509,79.177,152.391,53.429,17.484,0.959,35.584,14.235,78.73,4.888,269.956
2026-09-25 08:00:00,Muradnagar (KIET),28.777,77.509,79.307,138.493,49.921,11.042,0.9,30.378,17.987,78.115,6.98,24.15
2026-09-25 09:00:00,Muradnagar (KIET),28.777,77.509,78.377,155.181,39.915,15.079,0.856,31.042,19.051,65.085,4.945,313.132
2026-09-25 10:00:00,Muradnagar (KIET),28.777,77.509,71.208,125.679,46.053,15.104,0.822,55.925,19.286,69.879,5.636,237.297
2026-09-25 11:00:00,Muradnagar (KIET),28.777,77.509,51.856,98.522,35.401,16.068,0.664,52.829,25.544,56.303,10.332,274.508
2026-09-25 12:00:00,Muradnagar (KIET),28.777,77.509,40.78,84.161,32.211,9.118,0.904,61.358,27.87,48.79,13.158,303.822
2026-09-25 13:00:00,Muradnagar (KIET),28.777,77.509,32.197,61.441,27.764,12.11,0.751,51.582,26.41,48.653,17.093,287.225
2026-09-25 14:00:00,Muradnagar (KIET),28.777,77.509,32.706,64.529,27.731,10.659,0.705,63.666,30.378,44.902,13.665,318.519
2026-09-25 15:00:00,Muradnagar (KIET),28.777,77.509,40.687,85.117,30.367,8.491,0.709,64.063,28.1,56.855,15.029,289.228
2026-09-25 16:00:00,Muradnagar (KIET),28.777,77.509,41.909,77.371,29.67,15.089,0.538,60.35,28.689,44.753,13.797,235.227
2026-09-25 17:00:00,Muradnagar (KIET),28.777,77.509,38.933,74.534,36.439,14.652,0.83,59.36,27.455,46.709,19.404,237.246
2026-09-25 18:00:00,Muradnagar (KIET),28.777,77.509,50.262,81.158,34.073,13.739,0.679,44.177,25.576,45.882,13.335,324.079
2026-09-25 19:00:00,Muradnagar (KIET),28.777,77.509,68.404,134.155,45.808,12.956,0.716,55.415,23.005,61.259,8.475,257.177
2026-09-25 20:00:00,Muradnagar (KIET),28.777,77.509,55.161,111.535,36.913,13.006,0.987,38.147,22.212,51.916,10.804,307.547
2026-09-25 21:00:00,Muradnagar (KIET),28.777,77.509,56.207,97.793,45.401,11.29,0.857,27.056,18.521,56.594,8.294,266.928
2026-09-25 22:00:00,Muradnagar (KIET),28.777,77.509,55.605,90.214,32.382,10.032,0.47,36.584,16.1,61.227,5.71,273.63
2026-09-25 23:00:00,Muradnagar (KIET),28.777,77.509,55.239,94.705,26.497,8.349,0.666,24.631,14.982,66.938,3.319,243.709
2026-09-26 00:00:00,Muradnagar (KIET),28.777,77.509,55.475,92.542,39.593,13.422,0.993,26.697,14.806,81.129,3.862,329.029
2026-09-26 01:00:00,Muradnagar (KIET),28.777,77.509,59.988,119.667,48.17,13.039,0.871,33.215,13.029,82.65,1.848,280.761
2026-09-26 02:00:00,Muradnagar (KIET),28.777,77.509,55.066,103.391,37.676,14.227,0.724,18.726,11.35,75.944,1.202,20.123
2026-09-26 03:00:00,Muradnagar (KIET),28.777,77.509,56.863,96.358,40.927,10.494,0.915,4.065,12.57,84.741,2.762,214.679
2026-09-26 04:00:00,Muradnagar (KIET),28.777,77.509,48.135,81.661,30.926,5.919,0.629,16.982,12.92,85.738,3.621,247.79
2026-09-26 05:00:00,Muradnagar (KIET),28.777,77.509,47.864,84.279,43.399,12.327,0.758,2.0,12.019,82.118,2.429,318.391
2026-09-26 06:00:00,Muradnagar (KIET),28.777,77.509,38.474,69.533,33.841,13.759,1.088,25.52,13.695,63.35,2.552,258.476
2026-09-26 07:00:00,Muradnagar (KIET),28.777,77.509,46.99,86.182,38.819,6.581,1.093,43.358,16.064,80.178,3.961,329.412
2026-09-26 08:00:00,Muradnagar (KIET),28.777,77.509,42.547,68.88,29.859,7.275,0.683,32.799,17.82,73.84,8.064,284.206
2026-09-26 09:00:00,Muradnagar (KIET),28.777,77.509,42.04,78.661,30.542,9.797,0.758,51.362,18.8,64.741,8.362,278.629
2026-09-26 10:00:00,Muradnagar (KIET),28.777,77.509,39.743,78.7,33.648,8.686,0.837,48.356,22.304,67.465,7.61,298.884
2026-09-26 11:00:00,Muradnagar (KIET),28.777,77.509,33.598,56.93,29.328,14.906,0.863,44.459,23.825,61.596,5.755,270.628
2026-09-26 12:00:00,Muradnagar (KIET),28.777,77.509,21.206,38.254,35.511,15.057,0.57,59.085,25.654,41.762,14.554,327.396
2026-09-26 13:00:00,Muradnagar (KIET),28.777,77.509,23.156,45.919,28.804,11.641,0.584,62.286,25.098,53.207,10.599,205.988
2026-09-26 14:00:00,Muradnagar (KIET),28.777,77.509,21.462,42.292,31.488,12.402,0.582,83.873,28.476,40.975,10.676,215.244
2026-09-26 15:00:00,Muradnagar (KIET),28.777,77.509,17.911,34.797,36.742,11.495,0.421,65.74,28.197,37.504,15.454,316.697
2026-09-26 16:00:00,Muradnagar (KIET),28.777,77.509,25.342,50.713,35.149,8.845,0.493,77.902,28.82,47.674,9.853,356.201
2026-09-26 17:00:00,Muradnagar (KIET),28.777,77.509,29.752,53.183,41.278,14.357,0.671,63.44,27.571,42.651,11.523,283.254
2026-09-26 18:00:00,Muradnagar (KIET),28.777,77.509,36.579,61.101,26.796,14.27,0.624,57.227,26.817,56.821,14.307,340.212
2026-09-26 19:00:00,Muradnagar (KIET),28.777,77.509,40.224,70.731,36.487,13.873,0.689,38.643,23.961,56.756,12.129,355.373
2026-09-26 20:00:00,Muradnagar (KIET),28.777,77.509,42.505,73.97,25.985,13.718,0.851,58.543,20.699,68.161,8.539,349.182
2026-09-26 21:00:00,Muradnagar (KIET),28.777,77.509,34.531,59.971,28.038,8.496,0.723,30.257,20.891,63.721,7.046,211.416
2026-09-26 22:00:00,Muradnagar (KIET),28.777,77.509,32.529,58.052,32.642,11.877,0.642,33.103,17.619,76.308,4.432,318.431
2026-09-26 23:00:00,Muradnagar (KIET),28.777,77.509,24.926,40.621,31.665,11.264,0.879,26.287,16.46,72.446,3.977,248.538
2026-09-27 00:00:00,Muradnagar (KIET),28.777,77.509,21.719,38.198,31.797,11.83,0.776,25.964,13.541,86.121,2.687,298.856
2026-09-27 01:00:00,Muradnagar (KIET),28.777,77.509,20.877,34.212,30.297,10.294,0.611,20.357,13.46,84.875,2.616,285.601
2026-09-27 02:00:00,Muradnagar (KIET),28.777,77.509,19.961,41.568,43.377,8.324,0.502,23.214,10.903,82.908,4.341,292.032
2026-09-27 03:00:00,Muradnagar (KIET),28.777,77.509,24.878,47.214,27.687,6.024,0.69,12.59,13.011,95.74,3.042,342.519
2026-09-27 04:00:00,Muradnagar (KIET),28.777,77.509,20.859,34.658,24.44,12.396,0.591,21.997,12.335,78.69,1.948,244.008
2026-09-27 05:00:00,Muradnagar (KIET),28.777,77.509,21.925,37.965,45.269,6.197,0.551,20.866,13.747,81.439,1.406,8.239
2026-09-27 06:00:00,Muradnagar (KIET),28.777,77.509,20.536,39.263,40.951,7.883,0.547,18.353,13.396,82.838,5.689,308.731
2026-09-27 07:00:00,Muradnagar (KIET),28.777,77.509,25.782,47.397,36.203,13.246,0.678,33.225,15.917,78.726,7.682,268.424
2026-09-27 08:00:00,Muradnagar (KIET),28.777,77.509,32.45,57.857,38.724,12.524,0.627,48.149,18.482,63.524,6.516,261.929
2026-09-27 09:00:00,Muradnagar (KIET),28.777,77.509,32.542,66.201,30.91,12.669,0.606,50.227,20.485,56.829,9.16,350.815
2026-09-27 10:00:00,Muradnagar (KIET),28.777,77.509,30.605,52.13,31.566,14.009,0.71,52.323,22.356,56.739,3.596,218.133
2026-09-27 11:00:00,Muradnagar (KIET),28.777,77.509,18.881,35.772,32.328,16.038,0.73,51.891,23.347,55.693,9.343,321.475
2026-09-27 12:00:00,Muradnagar (KIET),28.777,77.509,21.945,42.643,32.221,13.03,1.223,33.798,25.587,47.508,8.682,317.404
2026-09-27 13:00:00,Muradnagar (KIET),28.777,77.509,20.157,42.274,26.412,8.863,0.57,56.681,26.62,48.3,13.597,0.796
2026-09-27 14:00:00,Muradnagar (KIET),28.777,77.509,22.831,36.942,35.063,13.215,0.84,61.984,26.197,53.954,10.84,276.731
2026-09-27 15:00:00,Muradnagar (KIET),28.777,77.509,20.395,38.393,45.17,10.754,0.775,61.428,27.327,46.975,21.339,16.082
2026-09-27 16:00:00,Muradnagar (KIET),28.777,77.509,25.147,40.777,35.294,8.04,0.615,57.676,27.367,45.257,15.689,11.4
2026-09-27 17:00:00,Muradnagar (KIET),28.777,77.509,32.081,52.904,46.617,17.127,0.427,68.419,26.374,51.467,13.971,316.657
2026-09-27 18:00:00,Muradnagar (KIET),28.777,77.509,35.32,63.332,36.645,13.892,0.701,49.302,25.59,47.733,10.934,318.346
2026-09-27 19:00:00,Muradnagar (KIET),28.777,77.509,38.655,76.949,41.264,8.136,0.55,50.255,24.323,51.158,9.894,335.62
2026-09-27 20:00:00,Muradnagar (KIET),28.777,77.509,39.228,62.962,36.88,13.7,0.688,55.921,22.048,56.66,10.191,287.964
2026-09-27 21:00:00,Muradnagar (KIET),28.777,77.509,34.642,64.356,36.525,13.341,0.651,62.009,19.58,65.335,13.105,5.173
2026-09-27 22:00:00,Muradnagar (KIET),28.777,77.509,36.246,71.442,30.012,10.899,0.776,36.722,18.776,78.557,8.364,349.126
2026-09-27 23:00:00,Muradnagar (KIET),28.777,77.509,27.9,56.33,27.879,9.144,0.512,10.837,14.879,80.637,6.356,275.049
